{"cameraMode":{"drawMode":0,"name":"Shaded","section":"Shading Mode"},"sceneLighting":false,"audioPlay":false,"sceneViewState":{"showFog":true,"showMaterialUpdate":false,"showSkybox":false,"showFlares":true,"showImageEffects":true,"showParticleSystems":true},"in2DMode":false,"pivot":{"x":-0.000052809715270996094,"y":-3.948807716369629e-7,"z":1.0216013193130494},"rotation":{"x":0.6158365607261658,"y":0.06712734699249268,"z":-0.0527803935110569,"w":0.7832420468330383},"size":1.376839518547058,"orthographic":false}