{"cameraMode":{"drawMode":0,"name":"Shaded","section":"Shading Mode"},"sceneLighting":false,"audioPlay":false,"sceneViewState":{"showFog":true,"showMaterialUpdate":false,"showSkybox":false,"showFlares":true,"showImageEffects":true,"showParticleSystems":true},"in2DMode":false,"pivot":{"x":-0.24830685555934907,"y":0.010045051574707032,"z":1.057253360748291},"rotation":{"x":0.6090916991233826,"y":-0.07933665066957474,"z":0.06142447143793106,"w":0.786736786365509},"size":1.376839518547058,"orthographic":false}